antecedents,consequents,antecedent support,consequent support,support,confidence,lift,representativity,leverage,conviction,zhangs_metric,jaccard,certainty,kulczynski,antecedentes,consecuentes
"frozenset({'Pob_Alta', 'GDP_Bajo'})",frozenset({'Mort_Alta'}),0.11456628477905073,0.10911074740861974,0.07965084560829241,0.6952380952380952,6.371857142857143,1.0,0.06715043264822142,2.9232303600654665,0.9521434178208797,0.553030303030303,0.65791269355262,0.7126190476190476,"Pob_Alta, GDP_Bajo",Mort_Alta
frozenset({'Mort_Alta'}),"frozenset({'Pob_Alta', 'GDP_Bajo'})",0.10911074740861974,0.11456628477905073,0.07965084560829241,0.73,6.371857142857143,1.0,0.06715043264822142,3.27938413044796,0.9463127783976042,0.553030303030303,0.6950646950092422,0.7126190476190476,Mort_Alta,"Pob_Alta, GDP_Bajo"
frozenset({'Mort_Alta'}),frozenset({'Pob_Alta'}),0.10911074740861974,0.15384615384615385,0.09547190398254228,0.875,5.6875,1.0,0.07868563515044694,6.769230769230769,0.9251159128685154,0.5700325732899023,0.8522727272727273,0.7477836879432624,Mort_Alta,Pob_Alta
frozenset({'Pob_Alta'}),frozenset({'Mort_Alta'}),0.15384615384615385,0.10911074740861974,0.09547190398254228,0.6205673758865248,5.6875,1.0,0.07868563515044694,2.3479511143062544,0.974025974025974,0.5700325732899023,0.5740967544396816,0.7477836879432624,Pob_Alta,Mort_Alta
"frozenset({'GDP_Bajo', 'Mort_Alta'})",frozenset({'Pob_Alta'}),0.09219858156028368,0.15384615384615385,0.07965084560829241,0.863905325443787,5.615384615384615,1.0,0.06546644844517185,6.217391304347824,0.9053938356164385,0.4786885245901639,0.8391608391608392,0.6908179109488438,"GDP_Bajo, Mort_Alta",Pob_Alta
frozenset({'Mort_Alta'}),frozenset({'GDP_Bajo'}),0.10911074740861974,0.1745771958537916,0.09219858156028368,0.845,4.840265625,1.0,0.07315033324017549,5.325308413846505,0.8905705910275131,0.4814814814814814,0.8122174487772637,0.6865625,Mort_Alta,GDP_Bajo
"frozenset({'Pob_Alta', 'Mort_Alta'})",frozenset({'GDP_Bajo'}),0.09547190398254228,0.1745771958537916,0.07965084560829241,0.8342857142857143,4.778892857142857,1.0,0.06298362832819775,4.980999680192637,0.8742088999785184,0.41833810888252143,0.7992370880936644,0.6452678571428572,"Pob_Alta, Mort_Alta",GDP_Bajo
frozenset({'Pob_Alta'}),frozenset({'GDP_Bajo'}),0.15384615384615385,0.1745771958537916,0.11456628477905073,0.7446808510638298,4.265624999999999,1.0,0.08770825464769817,3.2329059829059825,0.9047619047619048,0.5357142857142856,0.6906807666886979,0.7004654255319148,Pob_Alta,GDP_Bajo
frozenset({'GDP_Bajo'}),frozenset({'Pob_Alta'}),0.1745771958537916,0.15384615384615385,0.11456628477905073,0.6562499999999999,4.265624999999999,1.0,0.08770825464769817,2.461538461538461,0.9274856009819658,0.5357142857142856,0.5937499999999999,0.7004654255319148,GDP_Bajo,Pob_Alta
"frozenset({'Pob_Media', 'Gini_Alto'})","frozenset({'Mort_Media', 'GDP_Medio'})",0.1265684669939989,0.20349154391707583,0.0845608292416803,0.6681034482758621,3.2832000554682446,1.0,0.058805216481854015,2.3998696339121874,0.7961918961939112,0.34444444444444444,0.5833106991025035,0.541826523065545,"Pob_Media, Gini_Alto","Mort_Media, GDP_Medio"
"frozenset({'Mort_Media', 'Gini_Alto'})","frozenset({'Pob_Media', 'GDP_Medio'})",0.12111292962356793,0.24331696672122205,0.0845608292416803,0.6981981981981982,2.869500666585868,1.0,0.05509199857495292,2.5072184087744582,0.7412867183276266,0.30214424951267055,0.6011516202576044,0.5228659152425968,"Mort_Media, Gini_Alto","Pob_Media, GDP_Medio"
"frozenset({'Mort_Media', 'GDP_Medio', 'Gini_Alto'})",frozenset({'Pob_Media'}),0.10201854882705946,0.2995090016366612,0.0845608292416803,0.8288770053475937,2.7674527337015284,1.0,0.054005355534066754,4.0934942716857625,0.7112138909575512,0.2667814113597246,0.7557099305312612,0.5556042585936511,"Mort_Media, GDP_Medio, Gini_Alto",Pob_Media
"frozenset({'Pob_Media', 'GDP_Medio', 'Gini_Alto'})",frozenset({'Mort_Media'}),0.11674849972722313,0.2825968357883252,0.0845608292416803,0.7242990654205608,2.5630119438530654,1.0,0.0515680726357329,2.602106392225397,0.6904421287533125,0.26863084922010394,0.6156959596318539,0.51176343232418,"Pob_Media, GDP_Medio, Gini_Alto",Mort_Media
"frozenset({'Pob_Media', 'Gini_Alto'})",frozenset({'Mort_Media'}),0.1265684669939989,0.2825968357883252,0.09165302782324058,0.7241379310344828,2.5624417520969245,1.0,0.055885179540157426,2.6005864702673214,0.6981053508224028,0.2886597938144329,0.6154713517765832,0.5242311276794035,"Pob_Media, Gini_Alto",Mort_Media
"frozenset({'Mort_Media', 'Gini_Alto'})",frozenset({'Pob_Media'}),0.12111292962356793,0.2995090016366612,0.09165302782324058,0.7567567567567567,2.5266578053463298,1.0,0.055378615186394545,2.8797963266048363,0.6874833732375631,0.2786069651741293,0.6527532205102298,0.5313838428592527,"Mort_Media, Gini_Alto",Pob_Media
"frozenset({'GDP_Medio', 'Gini_Alto'})",frozenset({'Pob_Media'}),0.16312056737588654,0.2995090016366612,0.11674849972722313,0.7157190635451505,2.3896412449512945,1.0,0.06789242144606562,2.4640801001251558,0.6948756534135909,0.3375394321766561,0.5941690369768386,0.5527593496232127,"GDP_Medio, Gini_Alto",Pob_Media
"frozenset({'Mort_Media', 'GDP_Medio'})",frozenset({'Pob_Media'}),0.20349154391707583,0.2995090016366612,0.14457174031642117,0.7104557640750669,2.3720681521850593,1.0,0.08362419115631499,2.4192883554585674,0.7262031532695787,0.4033485540334855,0.5866553080604344,0.5965757873198649,"Mort_Media, GDP_Medio",Pob_Media
"frozenset({'GDP_Medio', 'Gini_Alto'})",frozenset({'Mort_Media'}),0.16312056737588654,0.2825968357883252,0.10201854882705946,0.6254180602006688,2.213110626154104,1.0,0.05592119263463762,1.9152102330293814,0.6549895767243722,0.29682539682539677,0.4778641097702098,0.4932109606022649,"GDP_Medio, Gini_Alto",Mort_Media
frozenset({'Mort_Media'}),frozenset({'Pob_Media'}),0.2825968357883252,0.2995090016366612,0.18494271685761046,0.6544401544401544,2.1850433571745045,1.0,0.1003024207049697,2.02711920196765,0.7559810222416635,0.4656593406593406,0.5066890989788185,0.6359632466189842,Mort_Media,Pob_Media
frozenset({'Pob_Media'}),frozenset({'Mort_Media'}),0.2995090016366612,0.2825968357883252,0.18494271685761046,0.6174863387978141,2.185043357174504,1.0,0.1003024207049697,1.8754968435819495,0.7742329005045074,0.4656593406593406,0.4668079536246337,0.6359632466189842,Pob_Media,Mort_Media
frozenset({'GDP_Alto'}),"frozenset({'Mort_Baja', 'Gini_Bajo', 'Pob_Baja'})",0.3606110201854883,0.2935079105291871,0.22422258592471359,0.62178517397882,2.1184613827196603,1.0,0.1183803988762724,1.8679650845608295,0.8257247369688515,0.5215736040609137,0.46465808795612135,0.6928628472124584,GDP_Alto,"Mort_Baja, Gini_Bajo, Pob_Baja"
"frozenset({'Mort_Baja', 'Gini_Bajo', 'Pob_Baja'})",frozenset({'GDP_Alto'}),0.2935079105291871,0.3606110201854883,0.22422258592471359,0.7639405204460967,2.11846138271966,1.0,0.1183803988762724,2.7085926861433656,0.7472968275887983,0.5215736040609137,0.6308045853052008,0.6928628472124584,"Mort_Baja, Gini_Bajo, Pob_Baja",GDP_Alto
"frozenset({'GDP_Alto', 'Pob_Baja'})","frozenset({'Mort_Baja', 'Gini_Bajo'})",0.3567921440261866,0.3011456628477905,0.22422258592471359,0.6284403669724771,2.086831870761867,1.0,0.1167761792130633,1.8808672283849592,0.8096989283259969,0.5169811320754717,0.4683303611713899,0.6865027921818907,"GDP_Alto, Pob_Baja","Mort_Baja, Gini_Bajo"
"frozenset({'Mort_Baja', 'Gini_Bajo'})","frozenset({'GDP_Alto', 'Pob_Baja'})",0.3011456628477905,0.3567921440261866,0.22422258592471359,0.7445652173913044,2.086831870761867,1.0,0.1167761792130633,2.518090329769824,0.7452264141267372,0.5169811320754717,0.6028736585905521,0.6865027921818907,"Mort_Baja, Gini_Bajo","GDP_Alto, Pob_Baja"
frozenset({'GDP_Alto'}),"frozenset({'Mort_Baja', 'Gini_Bajo'})",0.3606110201854883,0.3011456628477905,0.22422258592471359,0.62178517397882,2.064732289679669,1.0,0.11562614122073676,1.8477708674304425,0.8065132906504572,0.5124688279301745,0.45880735667695327,0.6831751956850622,GDP_Alto,"Mort_Baja, Gini_Bajo"
"frozenset({'Mort_Baja', 'Gini_Bajo'})",frozenset({'GDP_Alto'}),0.3011456628477905,0.3606110201854883,0.22422258592471359,0.7445652173913044,2.0647322896796685,1.0,0.11562614122073676,2.5031398358695784,0.7378872573320341,0.5124688279301745,0.6005017435821339,0.6831751956850622,"Mort_Baja, Gini_Bajo",GDP_Alto
"frozenset({'Pob_Media', 'Mort_Baja'})",frozenset({'GDP_Medio'}),0.10310965630114566,0.46481178396072015,0.09765411893071467,0.9470899470899471,2.0375773157463297,1.0,0.04972753564180245,10.115057283142388,0.5677629164457856,0.20765661252900233,0.9011374852353446,0.5785919219017811,"Pob_Media, Mort_Baja",GDP_Medio
"frozenset({'Pob_Media', 'Mort_Baja', 'Gini_Medio'})",frozenset({'GDP_Medio'}),0.06437534097108565,0.46481178396072015,0.060556464811783964,0.9406779661016951,2.0237825256624493,1.0,0.030634047731934008,9.021744213233598,0.5406823733354347,0.1292200232828871,0.8891566889545435,0.53547982812127,"Pob_Media, Mort_Baja, Gini_Medio",GDP_Medio
"frozenset({'GDP_Alto', 'Mort_Baja'})","frozenset({'Gini_Bajo', 'Pob_Baja'})",0.358974358974359,0.31369339879978175,0.22422258592471359,0.6246200607902737,1.991180124223603,1.0,0.11161469917607399,1.8282985570434969,0.7765450121654504,0.5000000000000001,0.4530433795139679,0.669701334742963,"GDP_Alto, Mort_Baja","Gini_Bajo, Pob_Baja"
"frozenset({'Gini_Bajo', 'Pob_Baja'})","frozenset({'GDP_Alto', 'Mort_Baja'})",0.31369339879978175,0.358974358974359,0.22422258592471359,0.7147826086956524,1.991180124223603,1.0,0.11161469917607399,2.247498436522828,0.7253103253532623,0.5000000000000001,0.5550608695652177,0.669701334742963,"Gini_Bajo, Pob_Baja","GDP_Alto, Mort_Baja"
"frozenset({'GDP_Alto', 'Gini_Bajo'})","frozenset({'Mort_Baja', 'Pob_Baja'})",0.22422258592471359,0.502454991816694,0.22422258592471359,1.0,1.990228013029316,1.0,0.11156082834879366,inf,0.6413502109704642,0.44625407166123776,1.0,0.723127035830619,"GDP_Alto, Gini_Bajo","Mort_Baja, Pob_Baja"
"frozenset({'Mort_Media', 'Pob_Media', 'Gini_Alto'})",frozenset({'GDP_Medio'}),0.09165302782324058,0.46481178396072015,0.0845608292416803,0.9226190476190477,1.9849304158283032,1.0,0.041959421873758326,6.916278484199928,0.5462714327230457,0.17919075144508667,0.8554135721566916,0.5522719651240778,"Mort_Media, Pob_Media, Gini_Alto",GDP_Medio
"frozenset({'Pob_Media', 'Gini_Alto'})",frozenset({'GDP_Medio'}),0.1265684669939989,0.46481178396072015,0.11674849972722313,0.9224137931034484,1.9844888295288976,1.0,0.05791798479056898,6.89798145117295,0.5679802926909,0.24597701149425288,0.8550300537804495,0.5867937510118181,"Pob_Media, Gini_Alto",GDP_Medio
"frozenset({'Mort_Baja', 'Gini_Alto'})",frozenset({'GDP_Medio'}),0.05564648117839607,0.46481178396072015,0.05128205128205128,0.9215686274509802,1.9826705330019327,1.0,0.025416911094384365,6.823649754500803,0.5248349865408016,0.10930232558139534,0.8534508604665105,0.5159486329743164,"Mort_Baja, Gini_Alto",GDP_Medio
frozenset({'GDP_Alto'}),"frozenset({'Gini_Bajo', 'Pob_Baja'})",0.3606110201854883,0.31369339879978175,0.22422258592471359,0.62178517397882,1.982142998092482,1.0,0.11110128935807106,1.8145946535733775,0.7749516288416666,0.49818181818181817,0.44891273760188966,0.6682838913372362,GDP_Alto,"Gini_Bajo, Pob_Baja"
"frozenset({'Gini_Bajo', 'Pob_Baja'})",frozenset({'GDP_Alto'}),0.31369339879978175,0.3606110201854883,0.22422258592471359,0.7147826086956524,1.982142998092482,1.0,0.11110128935807106,2.2417601426423444,0.7219740135154477,0.49818181818181817,0.5539219468763914,0.6682838913372362,"Gini_Bajo, Pob_Baja",GDP_Alto
"frozenset({'Mort_Baja', 'Pob_Baja'})",frozenset({'GDP_Alto'}),0.502454991816694,0.3606110201854883,0.3567921440261866,0.7100977198697069,1.969151468261986,1.0,0.1756013368298774,2.2055327730680356,0.9891910107838404,0.7047413793103448,0.5465948127313761,0.849753852370557,"Mort_Baja, Pob_Baja",GDP_Alto
frozenset({'GDP_Alto'}),"frozenset({'Mort_Baja', 'Pob_Baja'})",0.3606110201854883,0.502454991816694,0.3567921440261866,0.989409984871407,1.9691514682619857,1.0,0.1756013368298774,46.9824643441665,0.7697459060024423,0.7047413793103448,0.9787154630145712,0.849753852370557,GDP_Alto,"Mort_Baja, Pob_Baja"
"frozenset({'GDP_Alto', 'Gini_Medio'})","frozenset({'Mort_Baja', 'Pob_Baja'})",0.1320240043644299,0.502454991816694,0.1282051282051282,0.9710743801652891,1.932659434140038,1.0,0.0618690081725914,17.200841711479935,0.5559811171884401,0.2532327586206896,0.941863310134841,0.6131159088665751,"GDP_Alto, Gini_Medio","Mort_Baja, Pob_Baja"
"frozenset({'Mort_Baja', 'Gini_Medio', 'Pob_Baja'})",frozenset({'GDP_Alto'}),0.18603382433169668,0.3606110201854883,0.1282051282051282,0.689149560117302,1.911060731762503,1.0,0.06111928102386714,2.056902284120268,0.5856882094575323,0.3063885267275097,0.5138320338694663,0.5223357482886056,"Mort_Baja, Gini_Medio, Pob_Baja",GDP_Alto
"frozenset({'GDP_Alto', 'Gini_Bajo'})",frozenset({'Pob_Baja'}),0.22422258592471359,0.546644844517185,0.22422258592471359,1.0,1.8293413173652693,1.0,0.10165246530465738,inf,0.5843881856540084,0.41017964071856283,1.0,0.7050898203592815,"GDP_Alto, Gini_Bajo",Pob_Baja
"frozenset({'GDP_Alto', 'Mort_Baja', 'Gini_Bajo'})",frozenset({'Pob_Baja'}),0.22422258592471359,0.546644844517185,0.22422258592471359,1.0,1.8293413173652693,1.0,0.10165246530465738,inf,0.5843881856540084,0.41017964071856283,1.0,0.7050898203592815,"GDP_Alto, Mort_Baja, Gini_Bajo",Pob_Baja
"frozenset({'GDP_Alto', 'Mort_Baja'})",frozenset({'Pob_Baja'}),0.358974358974359,0.546644844517185,0.3567921440261866,0.993920972644377,1.8182207014542344,1.0,0.16056066137899197,74.57692307692375,0.7020183486238532,0.6500994035785287,0.9865910263022177,0.82330779171141,"GDP_Alto, Mort_Baja",Pob_Baja
frozenset({'Pob_Baja'}),"frozenset({'GDP_Alto', 'Mort_Baja'})",0.546644844517185,0.358974358974359,0.3567921440261866,0.6526946107784432,1.8182207014542344,1.0,0.16056066137899197,1.8457117595048629,0.9926252221817418,0.6500994035785287,0.45820359281437134,0.82330779171141,Pob_Baja,"GDP_Alto, Mort_Baja"
"frozenset({'Mort_Media', 'Gini_Alto'})",frozenset({'GDP_Medio'}),0.12111292962356793,0.46481178396072015,0.10201854882705946,0.8423423423423423,1.8122224337013066,1.0,0.045723831948019704,3.394622398877716,0.5099532956910544,0.21082299887260425,0.7054164255999118,0.5309129552087298,"Mort_Media, Gini_Alto",GDP_Medio
frozenset({'Pob_Baja'}),frozenset({'GDP_Alto'}),0.546644844517185,0.3606110201854883,0.3567921440261866,0.6526946107784432,1.809968565139011,1.0,0.15966598896570688,1.8409993039486805,0.9870941388180482,0.6481665014866205,0.45681674194273575,0.8210522978249251,Pob_Baja,GDP_Alto
frozenset({'GDP_Alto'}),frozenset({'Pob_Baja'}),0.3606110201854883,0.546644844517185,0.3567921440261866,0.989409984871407,1.8099685651390107,1.0,0.15966598896570688,42.80967968202013,0.6998935404076775,0.6481665014866205,0.9766407969546197,0.8210522978249251,GDP_Alto,Pob_Baja
"frozenset({'GDP_Alto', 'Mort_Baja', 'Gini_Medio'})",frozenset({'Pob_Baja'}),0.1303873431533006,0.546644844517185,0.1282051282051282,0.9832635983263598,1.798724726279658,1.0,0.056929559280083336,27.087970540098127,0.5106302891161001,0.2335984095427435,0.9630832439617539,0.6088972682250562,"GDP_Alto, Mort_Baja, Gini_Medio",Pob_Baja
"frozenset({'Mort_Baja', 'Gini_Bajo'})",frozenset({'Pob_Baja'}),0.3011456628477905,0.546644844517185,0.2935079105291871,0.9746376811594204,1.7829449796060055,1.0,0.12888818648473208,17.875146130465357,0.6283572603884627,0.5295275590551182,0.9440564014021873,0.7557819144320056,"Mort_Baja, Gini_Bajo",Pob_Baja
"frozenset({'GDP_Alto', 'Gini_Medio'})",frozenset({'Pob_Baja'}),0.1320240043644299,0.546644844517185,0.1282051282051282,0.9710743801652891,1.7764264858712324,1.0,0.056034886866798264,15.673135375262966,0.5035532316086496,0.23290386521308223,0.9361965569710891,0.6028026591445208,"GDP_Alto, Gini_Medio",Pob_Baja
"frozenset({'Pob_Media', 'Gini_Medio'})",frozenset({'GDP_Medio'}),0.127114020731042,0.46481178396072015,0.10420076377523187,0.8197424892703863,1.7636009188176267,1.0,0.04511666903281627,2.9690203413607668,0.49603075916230366,0.21364653243847875,0.6631885655786117,0.5219604465131275,"Pob_Media, Gini_Medio",GDP_Medio
frozenset({'Pob_Media'}),frozenset({'GDP_Medio'}),0.2995090016366612,0.46481178396072015,0.24331696672122205,0.8123861566484517,1.7477744426486055,1.0,0.1041016533581913,2.8526051515103354,0.6107770001257282,0.46701570680628274,0.6494432468263119,0.6679301675261038,Pob_Media,GDP_Medio
"frozenset({'Gini_Medio', 'Pob_Baja'})","frozenset({'GDP_Alto', 'Mort_Baja'})",0.20458265139116202,0.358974358974359,0.1282051282051282,0.6266666666666667,1.7457142857142858,1.0,0.054765202064711055,1.7170329670329672,0.537037037037037,0.29448621553884713,0.4176000000000001,0.49190476190476196,"Gini_Medio, Pob_Baja","GDP_Alto, Mort_Baja"
"frozenset({'Gini_Medio', 'Pob_Baja'})",frozenset({'GDP_Alto'}),0.20458265139116202,0.3606110201854883,0.1282051282051282,0.6266666666666667,1.7377912254160364,1.0,0.05443036957470915,1.712649053074585,0.533753611767796,0.29338327091136074,0.4161092150170649,0.4910943015632879,"Gini_Medio, Pob_Baja",GDP_Alto
"frozenset({'GDP_Medio', 'Mort_Baja', 'Gini_Bajo'})",frozenset({'Pob_Baja'}),0.07364975450081833,0.546644844517185,0.06819421713038734,0.925925925925926,1.6938345531159904,1.0,0.02793395853255866,6.120294599018012,0.442190812720848,0.1235177865612648,0.8366091723492448,0.5253382124639611,"GDP_Medio, Mort_Baja, Gini_Bajo",Pob_Baja
"frozenset({'Mort_Media', 'Pob_Media'})",frozenset({'GDP_Medio'}),0.18494271685761046,0.46481178396072015,0.14457174031642117,0.7817109144542773,1.68177946736466,1.0,0.0586081861632929,2.4517406113150795,0.4973781920133364,0.2861771058315335,0.5921265098824571,0.5463718891520213,"Mort_Media, Pob_Media",GDP_Medio
"frozenset({'GDP_Alto', 'Mort_Baja', 'Pob_Baja'})",frozenset({'Gini_Bajo'}),0.3567921440261866,0.37970540098199673,0.22422258592471359,0.6284403669724771,1.6550735526732048,1.0,0.08874668181002407,1.6694348467398115,0.6153488976802064,0.4376996805111821,0.4009948924015395,0.6094788041758937,"GDP_Alto, Mort_Baja, Pob_Baja",Gini_Bajo
"frozenset({'GDP_Alto', 'Pob_Baja'})",frozenset({'Gini_Bajo'}),0.3567921440261866,0.37970540098199673,0.22422258592471359,0.6284403669724771,1.6550735526732048,1.0,0.08874668181002407,1.6694348467398115,0.6153488976802064,0.4376996805111821,0.4009948924015395,0.6094788041758937,"GDP_Alto, Pob_Baja",Gini_Bajo
"frozenset({'GDP_Alto', 'Mort_Baja'})",frozenset({'Gini_Bajo'}),0.358974358974359,0.37970540098199673,0.22422258592471359,0.6246200607902737,1.6450123152709362,1.0,0.08791808300809936,1.6524447212706328,0.6116788321167883,0.43584305408271473,0.39483603467772344,0.607568651084792,"GDP_Alto, Mort_Baja",Gini_Bajo
"frozenset({'GDP_Alto', 'Gini_Medio', 'Pob_Baja'})",frozenset({'Mort_Baja'}),0.1282051282051282,0.6082924168030551,0.1282051282051282,1.0,1.643946188340807,1.0,0.050218920922685234,inf,0.44931163954943676,0.210762331838565,1.0,0.6053811659192825,"GDP_Alto, Gini_Medio, Pob_Baja",Mort_Baja
"frozenset({'GDP_Alto', 'Pob_Baja'})",frozenset({'Mort_Baja'}),0.3567921440261866,0.6082924168030551,0.3567921440261866,1.0,1.643946188340807,1.0,0.1397581884401538,inf,0.6089906700593721,0.5865470852017935,1.0,0.7932735426008969,"GDP_Alto, Pob_Baja",Mort_Baja
"frozenset({'GDP_Alto', 'Gini_Bajo'})",frozenset({'Mort_Baja'}),0.22422258592471359,0.6082924168030551,0.22422258592471359,1.0,1.643946188340807,1.0,0.08782968723073886,inf,0.5049226441631505,0.368609865470852,1.0,0.684304932735426,"GDP_Alto, Gini_Bajo",Mort_Baja
"frozenset({'GDP_Alto', 'Gini_Bajo', 'Pob_Baja'})",frozenset({'Mort_Baja'}),0.22422258592471359,0.6082924168030551,0.22422258592471359,1.0,1.643946188340807,1.0,0.08782968723073886,inf,0.5049226441631505,0.368609865470852,1.0,0.684304932735426,"GDP_Alto, Gini_Bajo, Pob_Baja",Mort_Baja
frozenset({'GDP_Alto'}),frozenset({'Gini_Bajo'}),0.3606110201854883,0.37970540098199673,0.22422258592471359,0.62178517397882,1.6375462987114613,1.0,0.08729663390665585,1.640058919803601,0.6089098428041155,0.43446088794925997,0.3902658081822138,0.6061512076790652,GDP_Alto,Gini_Bajo
frozenset({'GDP_Alto'}),frozenset({'Mort_Baja'}),0.3606110201854883,0.6082924168030551,0.358974358974359,0.9954614220877458,1.636485010481469,1.0,0.139617409979913,86.30623749772602,0.6082904550971503,0.5885509838998211,0.9884133519315293,0.7927979756178639,GDP_Alto,Mort_Baja
"frozenset({'GDP_Alto', 'Gini_Medio'})",frozenset({'Mort_Baja'}),0.1320240043644299,0.6082924168030551,0.1303873431533006,0.9876033057851239,1.623566690138235,1.0,0.05007814246244445,31.597745044553374,0.44249163048423534,0.2137745974955277,0.9683521720113261,0.6009765407849387,"GDP_Alto, Gini_Medio",Mort_Baja
"frozenset({'Pob_Media', 'Mort_Baja'})",frozenset({'Gini_Medio'}),0.10310965630114566,0.3955264593562466,0.06437534097108565,0.6243386243386242,1.5785002736726872,1.0,0.023592743688854,1.6090915377699908,0.4086199430904367,0.14824120603015076,0.3785313162569478,0.3935486225141397,"Pob_Media, Mort_Baja",Gini_Medio
"frozenset({'Pob_Media', 'GDP_Medio', 'Mort_Baja'})",frozenset({'Gini_Medio'}),0.09765411893071467,0.3955264593562466,0.060556464811783964,0.6201117318435755,1.567813523405895,1.0,0.02193167690956458,1.5911877025769392,0.401363878993867,0.13997477931904162,0.37153863219248545,0.3866075900597188,"Pob_Media, GDP_Medio, Mort_Baja",Gini_Medio
frozenset({'Gini_Alto'}),frozenset({'GDP_Medio'}),0.22476813966175668,0.46481178396072015,0.16312056737588654,0.7257281553398058,1.561337686312047,1.0,0.058645687402173116,1.9513057080370202,0.46376262418241426,0.30984455958549223,0.487522638876518,0.538333561237978,Gini_Alto,GDP_Medio
frozenset({'Mort_Media'}),frozenset({'GDP_Medio'}),0.2825968357883252,0.46481178396072015,0.20349154391707583,0.72007722007722,1.5491802164337374,1.0,0.07213720453264971,1.9119137648851505,0.49413959367577637,0.3741223671013039,0.4769638576978025,0.5789353236536334,Mort_Media,GDP_Medio
frozenset({'Gini_Bajo'}),"frozenset({'Mort_Baja', 'Pob_Baja'})",0.37970540098199673,0.502454991816694,0.2935079105291871,0.7729885057471264,1.5384233778876033,1.0,0.10272303638602345,2.191717251237854,0.5642220282292473,0.49860982391102865,0.5437367664851784,0.6785680856640084,Gini_Bajo,"Mort_Baja, Pob_Baja"
"frozenset({'Gini_Bajo', 'Pob_Baja'})",frozenset({'Mort_Baja'}),0.31369339879978175,0.6082924168030551,0.2935079105291871,0.9356521739130436,1.5381618249171378,1.0,0.10269059483810328,6.087347576709286,0.5097916087966383,0.4670138888888889,0.8357248395300959,0.7090816923376877,"Gini_Bajo, Pob_Baja",Mort_Baja
frozenset({'Gini_Bajo'}),frozenset({'Pob_Baja'}),0.37970540098199673,0.546644844517185,0.31369339879978175,0.8261494252873562,1.5113092779957324,1.0,0.10612939891764278,2.6077288282317284,0.5454215899965583,0.5120213713268031,0.6165245445869121,0.7000008603482689,Gini_Bajo,Pob_Baja
frozenset({'Mort_Baja'}),frozenset({'Pob_Baja'}),0.6082924168030551,0.546644844517185,0.502454991816694,0.8260089686098654,1.5110523347922986,1.0,0.16993507821240522,2.6056237029038067,0.8634235525754674,0.7700668896321071,0.616214728594324,0.872585322628286,Mort_Baja,Pob_Baja
frozenset({'Pob_Baja'}),frozenset({'Mort_Baja'}),0.546644844517185,0.6082924168030551,0.502454991816694,0.9191616766467066,1.5110523347922986,1.0,0.16993507821240522,4.845567881028872,0.7460145737053979,0.7700668896321071,0.7936258402415225,0.872585322628286,Pob_Baja,Mort_Baja
"frozenset({'Gini_Medio', 'Pob_Baja'})",frozenset({'Mort_Baja'}),0.20458265139116202,0.6082924168030551,0.18603382433169668,0.9093333333333334,1.494895067264574,1.0,0.061587748880989834,4.320304226436897,0.41620506136635177,0.2967798085291558,0.7685348189415044,0.6075814648729447,"Gini_Medio, Pob_Baja",Mort_Baja
"frozenset({'GDP_Medio', 'Gini_Bajo'})",frozenset({'Pob_Baja'}),0.10965630114566285,0.546644844517185,0.0856519367157665,0.781094527363184,1.4288884916733693,1.0,0.02570888502566602,2.0710087784555857,0.33712298613712993,0.15009560229445507,0.5171435242559761,0.4688905770548455,"GDP_Medio, Gini_Bajo",Pob_Baja
"frozenset({'Mort_Media', 'Gini_Medio'})",frozenset({'GDP_Medio'}),0.10092744135297327,0.46481178396072015,0.06655755591925805,0.6594594594594595,1.4187666539779216,1.0,0.01964529185339159,1.5715844439248694,0.32829659398376576,0.13333333333333333,0.36369947929580965,0.4013259738611852,"Mort_Media, Gini_Medio",GDP_Medio
"frozenset({'Mort_Baja', 'Gini_Medio'})",frozenset({'Pob_Baja'}),0.25150027277686854,0.546644844517185,0.18603382433169668,0.7396963123644251,1.3531570265109691,1.0,0.04855249682355578,1.741639388979814,0.34868077939177344,0.303921568627451,0.42582832799517595,0.5400078368209351,"Mort_Baja, Gini_Medio",Pob_Baja
"frozenset({'GDP_Medio', 'Gini_Medio', 'Pob_Baja'})",frozenset({'Mort_Baja'}),0.07255864702673213,0.6082924168030551,0.05782869612656847,0.7969924812030076,1.3102127516099666,1.0,0.013691821366717767,1.929522539451618,0.25528856825749163,0.09281961471103328,0.48173707248622966,0.4460298728884993,"GDP_Medio, Gini_Medio, Pob_Baja",Mort_Baja
"frozenset({'GDP_Medio', 'Gini_Bajo', 'Pob_Baja'})",frozenset({'Mort_Baja'}),0.0856519367157665,0.6082924168030551,0.06819421713038734,0.7961783439490446,1.308874353774528,1.0,0.016092793541691408,1.9218153300600112,0.25809069212410507,0.10897994768962509,0.4796586413072407,0.45414298363371514,"GDP_Medio, Gini_Bajo, Pob_Baja",Mort_Baja
"frozenset({'GDP_Medio', 'Pob_Baja'})",frozenset({'Mort_Baja'}),0.18221494817239497,0.6082924168030551,0.14457174031642117,0.7934131736526946,1.3043285626057302,1.0,0.033731769114991594,1.8960917795330374,0.28530970332422867,0.22381756756756754,0.47259936950611303,0.5155406675438361,"GDP_Medio, Pob_Baja",Mort_Baja
frozenset({'Gini_Bajo'}),frozenset({'Mort_Baja'}),0.37970540098199673,0.6082924168030551,0.3011456628477905,0.793103448275862,1.3038193907530538,1.0,0.07017374681127855,1.8932533187852327,0.37566441053879374,0.438443208895949,0.4718086639131685,0.6440853564249265,Gini_Bajo,Mort_Baja
"frozenset({'GDP_Medio', 'Gini_Bajo'})","frozenset({'Mort_Baja', 'Pob_Baja'})",0.10965630114566285,0.502454991816694,0.06819421713038734,0.6218905472636815,1.2377039882023109,1.0,0.013096861235594386,1.315875613747954,0.2157058823529411,0.12537612838515547,0.24004975124378097,0.37880629426159107,"GDP_Medio, Gini_Bajo","Mort_Baja, Pob_Baja"
"frozenset({'GDP_Medio', 'Gini_Bajo'})",frozenset({'Mort_Baja'}),0.10965630114566285,0.6082924168030551,0.07364975450081833,0.6716417910447761,1.1041429623184524,1.0,0.006946658059239455,1.1929276397361501,0.10593681917211326,0.1143099068585944,0.1617261880014965,0.3963590121143163,"GDP_Medio, Gini_Bajo",Mort_Baja
